{
    "type": "filament",
    "name": "Generic PLA @base",
    "from": "system",
    "instantiation": "false",
    "activate_air_filtration": [
        "0"
    ],
    "chamber_temperatures": [
        "0"
    ],
    "close_fan_the_first_x_layers": [
        "1"
    ],
    "complete_print_exhaust_fan_speed": [
        "70"
    ],
    "cool_plate_temp": [
        "35"
    ],
    "cool_plate_temp_initial_layer": [
        "35"
    ],
    "during_print_exhaust_fan_speed": [
        "70"
    ],
    "eng_plate_temp": [
        "0"
    ],
    "eng_plate_temp_initial_layer": [
        "0"
    ],
    "fan_cooling_layer_time": [
        "100"
    ],
    "fan_max_speed": [
        "100"
    ],
    "fan_min_speed": [
        "100"
    ],
    "filament_cost": [
        "20"
    ],
    "filament_density": [
        "1.24"
    ],
    "filament_deretraction_speed": [
        "nil"
    ],
    "filament_diameter": [
        "1.75"
    ],
    "filament_flow_ratio": [
        "0.98"
    ],
    "filament_is_support": [
        "0"
    ],
    "filament_long_retractions_when_cut": [
        "nil"
    ],
    "filament_max_volumetric_speed": [
        "12"
    ],
    "filament_minimal_purge_on_wipe_tower": [
        "15"
    ],
    "filament_retract_before_wipe": [
        "nil"
    ],
    "filament_retract_restart_extra": [
        "nil"
    ],
    "filament_retract_when_changing_layer": [
        "nil"
    ],
    "filament_retraction_distances_when_cut": [
        "nil"
    ],
    "filament_retraction_length": [
        "nil"
    ],
    "filament_retraction_minimum_travel": [
        "nil"
    ],
    "filament_retraction_speed": [
        "nil"
    ],
    "filament_settings_id": [
        ""
    ],
    "filament_soluble": [
        "0"
    ],
    "filament_type": [
        "PLA"
    ],
    "filament_vendor": [
        "Generic"
    ],
    "filament_wipe": [
        "nil"
    ],
    "filament_wipe_distance": [
        "nil"
    ],
    "filament_z_hop": [
        "nil"
    ],
    "filament_z_hop_types": [
        "nil"
    ],
    "full_fan_speed_layer": [
        "0"
    ],
    "filament_scarf_seam_type": [
        "none"
    ],
    "filament_scarf_height": [
        "10%"
    ],
    "filament_scarf_gap": [
        "15%"
    ],
    "filament_scarf_length": [
        "10"
    ],
    "filament_shrink": [
        "100%"
    ],
    "hot_plate_temp": [
        "55"
    ],
    "hot_plate_temp_initial_layer": [
        "55"
    ],
    "nozzle_temperature": [
        "220"
    ],
    "nozzle_temperature_initial_layer": [
        "220"
    ],
    "overhang_fan_speed": [
        "100"
    ],
    "overhang_fan_threshold": [
        "50%"
    ],
    "reduce_fan_stop_start_freq": [
        "1"
    ],
    "required_nozzle_HRC": [
        "3"
    ],
    "supertack_plate_temp": [
        "45"
    ],
    "supertack_plate_temp_initial_layer": [
        "45"
    ],
    "slow_down_for_layer_cooling": [
        "1"
    ],
    "slow_down_layer_time": [
        "8"
    ],
    "slow_down_min_speed": [
        "20"
    ],
    "temperature_vitrification": [
        "45"
    ],
    "textured_plate_temp": [
        "55"
    ],
    "textured_plate_temp_initial_layer": [
        "55"
    ],
    "compatible_printers": [],
    "filament_start_gcode": [
        "; filament start gcode\n{if  (bed_temperature[current_extruder] >45)||(bed_temperature_initial_layer[current_extruder] >45)}M106 P3 S255\n{elsif(bed_temperature[current_extruder] >35)||(bed_temperature_initial_layer[current_extruder] >35)}M106 P3 S180\n{endif};Prevent PLA from jamming\n\n\n{if activate_air_filtration[current_extruder] && support_air_filtration}\nM106 P3 S{during_print_exhaust_fan_speed_num[current_extruder]} \n{endif}"
    ],
    "filament_end_gcode": [
        "; filament end gcode \nM106 P3 S0\n"
    ],
    "additional_cooling_fan_speed": [
        "70"
    ],
    "nozzle_temperature_range_low": [
        "190"
    ],
    "nozzle_temperature_range_high": [
        "240"
    ],
    "filament_id": "GFL99",
    "description": "The generic presets are conservatively tuned for compatibility with a wider range of filaments. For higher printing quality and speeds, please use Bambu filaments with Bambu presets."
}