{
    "type": "process",
    "name": "0.20mm Standard @BBL X1C",
    "from": "system",
    "instantiation": "true",
    "adaptive_layer_height": "0",
    "bottom_shell_layers": "3",
    "bottom_shell_thickness": "0",
    "bottom_surface_pattern": "monotonic",
    "bridge_flow": "1",
    "bridge_no_support": "0",
    "bridge_speed": "50",
    "brim_object_gap": "0.1",
    "brim_width": "5",
    "compatible_printers_condition": "",
    "default_acceleration": "10000",
    "detect_overhang_wall": "1",
    "detect_thin_wall": "0",
    "draft_shield": "disabled",
    "elefant_foot_compensation": "0.15",
    "enable_arc_fitting": "1",
    "enable_prime_tower": "1",
    "enable_support": "0",
    "filename_format": "{input_filename_base}_{filament_type[0]}_{print_time}.gcode",
    "gap_infill_speed": "250",
    "infill_combination": "0",
    "infill_direction": "45",
    "infill_wall_overlap": "15%",
    "initial_layer_line_width": "0.5",
    "initial_layer_print_height": "0.2",
    "initial_layer_speed": "50",
    "inner_wall_line_width": "0.45",
    "inner_wall_speed": "300",
    "interface_shells": "0",
    "internal_bridge_support_thickness": "0.8",
    "internal_solid_infill_line_width": "0.42",
    "internal_solid_infill_speed": "250",
    "ironing_flow": "10%",
    "ironing_inset": "0.21",
    "ironing_spacing": "0.15",
    "ironing_speed": "30",
    "ironing_type": "no ironing",
    "layer_height": "0.2",
    "line_width": "0.42",
    "max_bridge_length": "0",
    "max_travel_detour_distance": "0",
    "minimum_sparse_infill_area": "15",
    "only_one_wall_top": "1",
    "outer_wall_line_width": "0.42",
    "outer_wall_speed": "200",
    "overhang_totally_speed": "50",
    "prime_tower_width": "35",
    "print_sequence": "by layer",
    "print_settings_id": "",
    "raft_layers": "0",
    "reduce_crossing_wall": "0",
    "reduce_infill_retraction": "1",
    "resolution": "0.012",
    "scarf_angle_threshold": "155",
    "seam_position": "aligned",
    "skirt_distance": "2",
    "skirt_height": "1",
    "skirt_loops": "0",
    "smooth_coefficient": "150",
    "sparse_infill_density": "15%",
    "sparse_infill_line_width": "0.45",
    "sparse_infill_pattern": "crosshatch",
    "sparse_infill_speed": "270",
    "spiral_mode": "0",
    "standby_temperature_delta": "-5",
    "support_base_pattern": "default",
    "support_base_pattern_spacing": "2.5",
    "support_bottom_z_distance": "0.2",
    "support_expansion": "0",
    "support_filament": "0",
    "support_interface_bottom_layers": "2",
    "support_interface_filament": "0",
    "support_interface_loop_pattern": "0",
    "support_interface_pattern": "auto",
    "support_interface_spacing": "0.5",
    "support_interface_speed": "80",
    "support_interface_top_layers": "2",
    "support_line_width": "0.42",
    "support_object_xy_distance": "0.35",
    "support_on_build_plate_only": "0",
    "support_speed": "150",
    "support_style": "default",
    "support_threshold_angle": "30",
    "support_top_z_distance": "0.2",
    "support_type": "normal(auto)",
    "top_shell_layers": "5",
    "top_shell_thickness": "1.0",
    "top_surface_line_width": "0.42",
    "top_surface_pattern": "monotonicline",
    "top_surface_speed": "200",
    "travel_speed": "500",
    "tree_support_branch_angle": "45",
    "tree_support_branch_diameter": "2",
    "tree_support_wall_count": "0",
    "wall_generator": "classic",
    "wall_infill_order": "inner wall/outer wall/infill",
    "wall_loops": "2",
    "wipe_tower_no_sparse_layers": "0",
    "xy_contour_compensation": "0",
    "xy_hole_compensation": "0",
    "compatible_printers": [
        "Bambu Lab X1 Carbon 0.4 nozzle",
        "Bambu Lab X1 0.4 nozzle",
        "Bambu Lab P1S 0.4 nozzle",
        "Bambu Lab X1E 0.4 nozzle"
    ],
    "infill_shift_step": "0.4",
    "infill_rotate_step": "0",
    "symmetric_infill_y_axis": "0",
    "initial_layer_acceleration": "500",
    "initial_layer_infill_speed": "105",
    "outer_wall_acceleration": "5000",
    "overhang_1_4_speed": "0",
    "overhang_2_4_speed": "50",
    "overhang_3_4_speed": "30",
    "overhang_4_4_speed": "10",
    "top_surface_acceleration": "2000",
    "setting_id": "GP004",
    "description": "It has a general layer height, and results in general layer lines and printing quality. It is suitable for most general printing cases."
}